head,
https://www.quill.com/staples-mouse-pad-black-382955-cc/cbs/040505.html?Effort_Code=850&Find_Number=382955QL,
https://www.quill.com/fellowes-memory-foam-mouse-pad-wrist-rest-combo-non-skid-base-black-fel9176501/cbs/339553.html,
https://www.quill.com/fellowes-crystal-gel-mouse-pad-wrist-rest-combo-non-skid-base-black-9112101/cbs/55381993.html,
https://www.zoro.com/apex-tool-group-impact-socket-adapter-set-hex-3pcs-cavad2r-3/i/G801866468/,
https://www.zoro.com/westward-716-drive-socket-adapter-45kg97/i/G3957926/,
https://www.zoro.com/milwaukee-tool-shockwave-linemans-716-to-12-impact-socket-adapter-48-32-5100/i/G3368537/,
https://www.viking-direct.co.uk/en/tipp-ex-shake-and-squeeze-correction-pen-8ml-p-802420,
https://www.viking-direct.co.uk/en/tipp-ex-side-12m-correction-tape-p-829035,
https://www.viking-direct.co.uk/en/tipp-ex-easy-refill-correction-tape-p-2114418,
https://www.customink.com/products/bags/backpacks/the-north-face-stalwart-15-computer-backpack/1000200,
https://www.customink.com/products/bags/backpacks/urban-15-computer-backpack/386100,
https://www.customink.com/products/bags/backpacks/timbuk2-parkside-15-computer-backpack-20/1036600,
https://www.costco.com/.product.4000120069.html?ADBUTLERID=homepage_item_Yardforce_Mower,
https://www.costco.com/.product.4000213390.html,
