head url,
https://www.zoro.com/impact-bit-socket-sets/c/11945/,
https://www.zoro.com/hand-and-finger-guards/c/6197/,
https://www.quill.com/whole-bean-coffee/cbk/53110.html,
https://www.quill.com/landline-phones/cbk/127892.html,
https://www.viking-direct.co.uk/en/desktop-essentials-c-102/adhesive-tape-dispensers-c-10212/adhesive-tape-c-10212001/brandName-f-Sellotape,
https://www.viking-direct.co.uk/en/cleaning-hygiene-c-100/vacuum-cleaners-cleaning-machines-c-10015/vacuum-cleaners-c-10015001,
https://www.customink.com/products/drinkware/glassware/58,
https://www.customink.com/products/polos/tall-polo-shirts/62,
https://www.costco.com/holiday-gift-baskets.html,
https://www.costco.com/cookies.html,
